1,Garrot,Lintin,8/19/1952,glintin0@reddit.com
2,Kalinda,De Biasi,8/1/1959,kdebiasi1@free.fr
3,Salmon,Chastagnier,2/2/2022,schastagnier2@barnesandnoble.com
4,Yoko,Vittle,6/26/2006,yvittle3@yolasite.com
5,Em,Juett,4/15/1992,ejuett4@bbc.co.uk
6,Gerti,Hucks,7/15/2013,ghucks5@goo.ne.jp
7,Connor,Severy,11/10/1901,csevery6@wunderground.com
8,Guntar,Iglesias,11/16/1983,giglesias7@bizjournals.com
9,Mareah,Stanton,8/1/1984,mstanton8@dell.com
10,Waite,Mongenot,11/18/1909,wmongenot9@vk.com
11,Jay,Boord,9/16/1945,jboorda@archive.org
12,Prudi,Klima,2/6/1973,pklimab@wired.com
13,Theo,Belson,8/21/1994,tbelsonc@newyorker.com
14,Esme,Pristnor,5/28/2002,epristnord@simplemachines.org
15,Zorana,Senogles,9/10/1954,zsenoglese@pcworld.com
16,Gus,Dicker,12/6/2017,gdickerf@acquirethisname.com
17,Arden,Rounsivall,2/28/1904,arounsivallg@nationalgeographic.com
18,Shir,Castillo,5/1/1921,scastilloh@ezinearticles.com
19,Norean,Ding,7/14/2010,ndingi@xrea.com
20,Berk,Greensmith,5/16/1957,bgreensmithj@fc2.com
21,Willamina,Della,12/18/1987,wdellak@utexas.edu
22,Hedda,Gymblett,5/23/2014,hgymblettl@booking.com
23,Lothaire,Salazar,12/13/1969,lsalazarm@baidu.com
24,Padraic,Thornewill,11/16/1949,pthornewilln@baidu.com
25,Beverlie,Pattemore,10/25/1949,bpattemoreo@samsung.com
26,Jemmie,Matijevic,1/30/2009,jmatijevicp@dagondesign.com
27,Alexandra,Grey,3/2/1949,agreyq@blinklist.com
28,Addia,Ivanusyev,8/20/1962,aivanusyevr@reddit.com
29,Daffi,Kemmet,1/4/2017,dkemmets@springer.com
30,Linnea,Rollinshaw,7/12/2009,lrollinshawt@chron.com
31,Pail,De Dantesie,9/9/1907,pdedantesieu@guardian.co.uk
32,Dolley,Ladloe,6/13/2004,dladloev@huffingtonpost.com
33,Granny,Filisov,12/12/1991,gfilisovw@java.com
34,Francyne,Houlton,11/25/1999,fhoultonx@mozilla.org
35,Monro,Frankton,10/21/1930,mfranktony@zimbio.com
36,Huberto,Pengilly,1/30/1919,hpengillyz@nyu.edu
37,Tucky,Lazell,4/5/1993,tlazell10@eepurl.com
38,Charmine,Attridge,3/9/1995,cattridge11@bandcamp.com
39,Klarrisa,Minchinton,12/21/2022,kminchinton12@nyu.edu
40,Currie,Diaper,5/23/2024,cdiaper13@xrea.com
41,Ibbie,Pellett,11/3/1938,ipellett14@epa.gov
42,Georgette,Ruddle,2/17/1920,gruddle15@irs.gov
43,Myrle,Ganderton,6/12/2025,mganderton16@mail.ru
44,Calla,Gavahan,10/25/1983,cgavahan17@stanford.edu
45,Shelia,Darlison,3/29/2004,sdarlison18@vkontakte.ru
46,Georgianna,Cadlock,7/4/1942,gcadlock19@liveinternet.ru
47,Roseline,Marrable,10/28/1908,rmarrable1a@pinterest.com
48,Wallie,Waterman,11/9/1961,wwaterman1b@hp.com
49,Ayn,Sheard,2/19/1944,asheard1c@intel.com
50,Gauthier,Crilley,8/30/1963,gcrilley1d@mozilla.com
51,Thomas,Dartnell,12/8/1902,tdartnell1e@oakley.com
52,Roxi,Darcy,5/10/1997,rdarcy1f@altervista.org
53,Ibbie,Bottinelli,9/2/1980,ibottinelli1g@cnn.com
54,Duane,Voas,11/12/1973,dvoas1h@huffingtonpost.com
55,Lilah,Wittier,3/16/1991,lwittier1i@slate.com
56,Lucilia,Lohering,12/2/1961,llohering1j@google.ca
57,Henry,Melville,1/24/1951,hmelville1k@1und1.de
58,Ragnar,Baniard,7/30/1928,rbaniard1l@ycombinator.com
59,Danit,Carnelley,7/30/2002,dcarnelley1m@1und1.de
60,Ly,Harback,11/4/1938,lharback1n@un.org
61,Sibbie,Duchasteau,11/26/1956,sduchasteau1o@bandcamp.com
62,Joann,Syphas,4/18/1923,jsyphas1p@hhs.gov
63,Gardy,Hance,5/2/1958,ghance1q@soundcloud.com
64,Isabelita,Sturt,2/28/1997,isturt1r@ezinearticles.com
65,Ilaire,Tunney,10/28/1931,itunney1s@amazon.co.jp
66,Dasha,Symmers,11/10/1932,dsymmers1t@photobucket.com
67,Alex,Hatherell,2/21/1956,ahatherell1u@utexas.edu
68,Norby,Reddle,4/28/2009,nreddle1v@amazonaws.com
69,Godwin,Eburah,6/16/2002,geburah1w@hugedomains.com
70,Salli,Olman,7/20/1947,solman1x@meetup.com
71,Estrella,Cripin,9/13/2001,ecripin1y@springer.com
72,Perle,Anthoney,8/29/1924,panthoney1z@opensource.org
73,Deny,Budnk,6/18/2024,dbudnk20@sciencedirect.com
74,Vernor,Mallock,8/6/1943,vmallock21@house.gov
75,Nissy,Lockett,12/8/1941,nlockett22@vimeo.com
76,Wittie,Docket,5/7/1930,wdocket23@opera.com
77,Claudie,O'Codihie,12/5/1996,cocodihie24@google.es
78,Barbra,Calloway,1/3/1967,bcalloway25@drupal.org
79,Ondrea,Swafield,6/16/1960,oswafield26@ibm.com
80,Basilio,Broinlich,3/10/2017,bbroinlich27@webeden.co.uk
81,Aryn,Winfindine,1/31/2018,awinfindine28@mapquest.com
82,Elianore,Mushet,10/3/1906,emushet29@barnesandnoble.com
83,Brnaba,Dudley,6/25/1901,bdudley2a@webs.com
84,Virgina,Manie,7/10/1905,vmanie2b@sfgate.com
85,Larina,Pawnsford,4/26/1904,lpawnsford2c@studiopress.com
86,Carri,Croxon,7/17/1964,ccroxon2d@prnewswire.com
87,Karie,Smylie,1/12/2016,ksmylie2e@opera.com
88,Erik,Heningam,1/27/1921,eheningam2f@indiatimes.com
89,Giacinta,Cheine,9/14/2004,gcheine2g@upenn.edu
90,Luci,Culbard,8/2/2000,lculbard2h@ed.gov
91,Christie,Panter,2/13/1951,cpanter2i@shutterfly.com
92,Viva,Watmore,3/17/1924,vwatmore2j@phoca.cz
93,Margarita,Wyleman,2/9/2011,mwyleman2k@yahoo.co.jp
94,Michaella,Simonich,7/11/2021,msimonich2l@issuu.com
95,Cathie,Shillum,12/5/1914,cshillum2m@pen.io
96,Etheline,Rapsey,6/17/1986,erapsey2n@arizona.edu
97,Mac,Saynor,3/11/1902,msaynor2o@forbes.com
98,Hamilton,Antoniewicz,4/2/1982,hantoniewicz2p@live.com
99,Marketa,Shellsheere,11/28/2012,mshellsheere2q@nationalgeographic.com
100,Ericha,Halwell,10/20/1995,ehalwell2r@noaa.gov
101,Zachariah,Wimes,7/27/2009,zwimes2s@huffingtonpost.com
102,Cybil,Randlesome,6/5/1960,crandlesome2t@clickbank.net
103,Katy,Turbitt,11/20/1925,kturbitt2u@smh.com.au
104,Vinson,Pesselt,10/1/1931,vpesselt2v@apache.org
105,Rachael,Rockall,5/10/1984,rrockall2w@ehow.com
106,Terri,Garratty,5/9/1914,tgarratty2x@youku.com
107,Polly,D'Arrigo,1/27/1990,pdarrigo2y@deliciousdays.com
108,Bernardina,Dyers,10/8/1914,bdyers2z@creativecommons.org
109,Roana,Diter,10/7/2025,rditer30@vinaora.com
110,Christye,Locke,3/9/1994,clocke31@bloglovin.com
111,Trumaine,Londors,8/12/1925,tlondors32@oracle.com
112,Michale,Libero,4/7/1959,mlibero33@bloglines.com
113,Luisa,Pren,1/7/1987,lpren34@weebly.com
114,Kienan,Galego,2/9/1976,kgalego35@imdb.com
115,Dominga,Nesey,10/30/1906,dnesey36@home.pl
116,Tabby,Bitcheno,12/29/2000,tbitcheno37@plala.or.jp
117,Mitzi,Aloigi,8/29/1967,maloigi38@phpbb.com
118,Clementine,Lindsell,1/10/1988,clindsell39@fda.gov
119,Lamont,Dowsett,10/9/1990,ldowsett3a@xing.com
120,Shel,Machel,1/4/2005,smachel3b@bing.com
121,Gabie,Goodwell,7/31/1902,ggoodwell3c@a8.net
122,Yancey,Clinning,10/6/1984,yclinning3d@51.la
123,Godard,Youings,12/6/2022,gyouings3e@kickstarter.com
124,Barbara,Sustins,4/26/1980,bsustins3f@ameblo.jp
125,Latashia,Sandy,2/24/1934,lsandy3g@jimdo.com
126,Tedmund,Hamel,2/25/1948,thamel3h@hostgator.com
127,Retha,Lease,9/10/2025,rlease3i@csmonitor.com
128,Brucie,Mulrean,9/3/1907,bmulrean3j@homestead.com
129,Billi,Hagart,10/22/1957,bhagart3k@ucla.edu
130,Camilla,Woodland,2/6/1927,cwoodland3l@huffingtonpost.com
131,Edward,Stoffel,7/29/1924,estoffel3m@springer.com
132,Elsi,Budding,7/20/1937,ebudding3n@dropbox.com
133,Torr,Breston,3/16/1919,tbreston3o@vimeo.com
134,Lauree,Membry,8/24/1962,lmembry3p@huffingtonpost.com
135,Evelin,Simenel,5/24/1944,esimenel3q@patch.com
136,Marlena,Dowthwaite,3/2/1901,mdowthwaite3r@mysql.com
137,Lissy,Skoggins,9/5/1909,lskoggins3s@acquirethisname.com
138,Helyn,Winckworth,9/11/2008,hwinckworth3t@pen.io
139,Benedetto,Burtonwood,6/5/1999,bburtonwood3u@joomla.org
140,Reinald,Summers,1/25/1983,rsummers3v@facebook.com
141,Hewett,Wenman,11/6/1935,hwenman3w@usatoday.com
142,Vyky,Doldon,3/13/1993,vdoldon3x@opera.com
143,Kristoforo,Dear,12/15/1967,kdear3y@blog.com
144,Laurel,Fransemai,5/17/1995,lfransemai3z@tuttocitta.it
145,Carlita,Henrych,5/9/1994,chenrych40@va.gov
146,Kurt,Matovic,3/2/1958,kmatovic41@slideshare.net
147,Josephina,Raybould,11/21/1942,jraybould42@ft.com
148,Neille,Eykel,12/26/1923,neykel43@ed.gov
149,Dody,Boult,5/17/1981,dboult44@nps.gov
150,Morganne,Dwelling,4/28/1987,mdwelling45@abc.net.au
151,Annabelle,Ucchino,7/20/2024,aucchino46@dropbox.com
152,Robyn,Hindmore,12/23/2021,rhindmore47@smh.com.au
153,Alia,Hischke,10/3/1995,ahischke48@dyndns.org
154,Grata,Wolstencroft,5/20/2006,gwolstencroft49@techcrunch.com
155,Kahaleel,Brookwell,3/22/1931,kbrookwell4a@seattletimes.com
156,Shadow,Gurery,9/15/1940,sgurery4b@abc.net.au
157,Ameline,Wilcinskis,4/10/1910,awilcinskis4c@tuttocitta.it
158,Ferdy,Luetkemeyer,1/9/2000,fluetkemeyer4d@go.com
159,Arleen,Malone,11/4/1901,amalone4e@woothemes.com
160,Manon,Ratazzi,1/4/1933,mratazzi4f@geocities.jp
161,Tiffy,Townrow,9/29/1949,ttownrow4g@ow.ly
162,Angel,Hendrix,6/27/1929,ahendrix4h@posterous.com
163,Nevsa,Simmens,5/9/2018,nsimmens4i@fema.gov
164,Cacilie,Shotter,8/26/1961,cshotter4j@yellowpages.com
165,Murial,Santi,11/23/2022,msanti4k@mit.edu
166,Ruperta,Tilly,10/13/2009,rtilly4l@examiner.com
167,Layney,Revance,2/2/2006,lrevance4m@godaddy.com
168,Reider,Leasor,4/16/1979,rleasor4n@disqus.com
169,Leann,Stiegers,4/20/1972,lstiegers4o@irs.gov
170,Clarice,Springthorpe,11/16/1977,cspringthorpe4p@scientificamerican.com
171,Marcelia,Hammerberger,2/18/1948,mhammerberger4q@jigsy.com
172,Julia,Fearnyhough,12/25/1950,jfearnyhough4r@sitemeter.com
173,Carmelle,MacMenamin,9/14/1976,cmacmenamin4s@exblog.jp
174,Mischa,Devers,6/22/1908,mdevers4t@mayoclinic.com
175,Maurits,Unwins,8/17/1920,munwins4u@google.de
176,Mayer,Leadbeatter,7/16/1999,mleadbeatter4v@newyorker.com
177,Grady,Ricards,11/19/2016,gricards4w@usa.gov
178,Ginnifer,Hehl,7/27/1985,ghehl4x@vinaora.com
179,Harbert,Lammers,5/21/1957,hlammers4y@tamu.edu
180,Annamarie,Blowen,5/27/1935,ablowen4z@is.gd
181,Jess,Ruggles,8/22/1957,jruggles50@nationalgeographic.com
182,Sandi,Bloomer,10/8/1912,sbloomer51@dagondesign.com
183,Kaleb,Pietrusiak,3/12/2015,kpietrusiak52@omniture.com
184,Heida,Shorto,10/22/1905,hshorto53@nymag.com
185,Ruthann,Lecky,12/16/1931,rlecky54@loc.gov
186,Riordan,Yitzhak,5/22/2006,ryitzhak55@mlb.com
187,Dennis,Babcock,6/7/1900,dbabcock56@hexun.com
188,Peirce,Iacovazzi,10/1/1966,piacovazzi57@goo.ne.jp
189,Tobey,Mityakov,7/16/1940,tmityakov58@cnbc.com
190,Mariska,Abrahmovici,1/17/1936,mabrahmovici59@netvibes.com
191,Archer,McCambrois,4/10/1940,amccambrois5a@technorati.com
192,Fairlie,Mussetti,2/20/1987,fmussetti5b@123-reg.co.uk
193,Ashley,Bridgen,7/23/1957,abridgen5c@addthis.com
194,Riobard,Rickword,7/25/1945,rrickword5d@senate.gov
195,Mar,Poutress,8/27/2008,mpoutress5e@google.de
196,Brant,Schwandermann,2/18/1923,bschwandermann5f@xing.com
197,Ardra,Morewood,11/21/1908,amorewood5g@forbes.com
198,Kirk,Slowgrove,10/14/1995,kslowgrove5h@printfriendly.com
199,Field,Symcoxe,11/15/1937,fsymcoxe5i@posterous.com
200,Lucretia,Witherup,1/3/1941,lwitherup5j@wsj.com
201,Chrotoem,Muat,7/10/1926,cmuat5k@newsvine.com
202,Emalee,Tindle,5/31/1913,etindle5l@apple.com
203,Townsend,Fragino,10/26/2010,tfragino5m@woothemes.com
204,Alfy,Coupar,10/29/1995,acoupar5n@bing.com
205,Veda,Rosgen,2/21/1972,vrosgen5o@google.co.uk
206,Lanie,Stoll,12/18/1927,lstoll5p@mayoclinic.com
207,Estrella,McLardie,9/18/1973,emclardie5q@indiatimes.com
208,Lida,Wickendon,11/25/1944,lwickendon5r@tinyurl.com
209,Stephani,Sullens,5/22/2018,ssullens5s@technorati.com
210,Artemis,Gyrgorcewicx,5/7/2008,agyrgorcewicx5t@bandcamp.com
211,Candie,Alans,2/16/1993,calans5u@amazon.co.jp
212,Marnie,Dixson,7/27/2014,mdixson5v@discuz.net
213,Willa,McGuinley,2/13/1965,wmcguinley5w@mapquest.com
214,Sharlene,Perrott,2/8/1927,sperrott5x@joomla.org
215,Bink,Knock,12/31/2004,bknock5y@livejournal.com
216,Hildegaard,Thurske,11/6/2022,hthurske5z@fotki.com
217,Susi,Bridgett,4/14/1996,sbridgett60@ucoz.com
218,Renault,Cattell,11/5/1966,rcattell61@angelfire.com
219,Norah,Lemoir,9/29/1980,nlemoir62@csmonitor.com
220,Laureen,Luxon,1/14/1925,lluxon63@dailymotion.com
221,Christiano,Kiely,10/6/1991,ckiely64@yahoo.co.jp
222,Lockwood,Osselton,3/2/1901,losselton65@linkedin.com
223,Carroll,Linscott,7/7/1972,clinscott66@miibeian.gov.cn
224,Abra,Crystal,8/23/1930,acrystal67@intel.com
225,Grata,Danter,11/6/1905,gdanter68@state.gov
226,Franz,Guislin,11/1/1944,fguislin69@e-recht24.de
227,Ethelin,Domel,12/31/2006,edomel6a@technorati.com
228,Mag,Symcock,7/9/1965,msymcock6b@engadget.com
229,Desmund,Cundict,10/17/1910,dcundict6c@discovery.com
230,Gordie,Pentelow,4/6/2020,gpentelow6d@wufoo.com
231,Appolonia,Attrill,12/10/1939,aattrill6e@homestead.com
232,Allie,Hardacre,11/5/2022,ahardacre6f@hp.com
233,Shep,Eisikowitch,6/14/2009,seisikowitch6g@arstechnica.com
234,Frazer,McAster,2/28/1906,fmcaster6h@salon.com
235,Andriana,Endersby,3/5/1920,aendersby6i@goodreads.com
236,Kerk,Lawrey,1/30/1919,klawrey6j@wiley.com
237,Fianna,Simonassi,9/12/1965,fsimonassi6k@oakley.com
238,Gypsy,Finessy,3/3/1958,gfinessy6l@youku.com
239,Netti,Thiese,2/18/2009,nthiese6m@bloglovin.com
240,Eddie,Pakeman,9/17/1965,epakeman6n@ameblo.jp
241,Joelynn,Mynett,11/18/1996,jmynett6o@goo.gl
242,Shurwood,Breakwell,4/29/1968,sbreakwell6p@tumblr.com
243,Nell,Ashfield,7/24/1953,nashfield6q@tumblr.com
244,Gael,Sleith,5/2/2004,gsleith6r@booking.com
245,Moss,Leyzell,5/16/1934,mleyzell6s@guardian.co.uk
246,Silvain,Paulack,10/23/1907,spaulack6t@furl.net
247,Ronni,Strood,6/9/1921,rstrood6u@amazonaws.com
248,Leroy,Aspling,8/28/1974,laspling6v@blogtalkradio.com
249,Kissiah,Knightley,9/23/2005,kknightley6w@github.com
250,Charmion,Daile,2/27/1958,cdaile6x@google.de
251,Gustaf,Gallafant,5/23/1979,ggallafant6y@loc.gov
252,Gaspard,Abbatucci,3/12/1960,gabbatucci6z@ebay.co.uk
253,Grady,Goldup,8/3/2016,ggoldup70@i2i.jp
254,Martie,Artindale,1/11/1924,martindale71@mashable.com
255,Terrel,Haydock,3/29/1984,thaydock72@nature.com
256,Ancell,Fayerman,7/2/1910,afayerman73@blogspot.com
257,Ralina,Venditto,3/29/1981,rvenditto74@cnn.com
258,Debor,Marqyes,7/21/1940,dmarqyes75@netlog.com
259,Seka,Winward,7/12/1915,swinward76@salon.com
260,Sherm,Deener,2/2/2010,sdeener77@yahoo.co.jp
261,Roxanne,Smoote,9/5/1963,rsmoote78@bandcamp.com
262,Elane,Lord,6/8/1959,elord79@fotki.com
263,Lacee,Hefferon,3/16/1975,lhefferon7a@webnode.com
264,Felipa,Bockin,9/12/2019,fbockin7b@addtoany.com
265,Damiano,Dairton,12/11/1925,ddairton7c@cmu.edu
266,Eddi,Lante,1/10/1937,elante7d@gnu.org
267,Jolyn,Vaux,4/6/1977,jvaux7e@last.fm
268,Editha,Hallam,11/26/2019,ehallam7f@ca.gov
269,Ermina,Chaudret,3/20/2009,echaudret7g@ezinearticles.com
270,Bogey,Doget,2/20/2025,bdoget7h@hexun.com
271,Christen,Ladell,10/17/1900,cladell7i@tuttocitta.it
272,Martica,Corssen,9/8/1929,mcorssen7j@paginegialle.it
273,Pandora,Roelofsen,7/25/2021,proelofsen7k@bigcartel.com
274,Ingemar,Seville,3/27/1953,iseville7l@cbslocal.com
275,Rudolfo,Nulty,7/23/2001,rnulty7m@wikipedia.org
276,Fanny,Benam,6/13/1980,fbenam7n@google.es
277,Rosemarie,Segoe,3/2/1994,rsegoe7o@columbia.edu
278,Micky,Nansom,6/13/1955,mnansom7p@foxnews.com
279,Kristen,Lawful,12/4/1961,klawful7q@pbs.org
280,Guido,Kingstne,10/23/1967,gkingstne7r@icq.com
281,Letti,Tour,1/8/2016,ltour7s@paypal.com
282,Opal,Gregori,7/18/2000,ogregori7t@163.com
283,Sancho,Bodesson,1/26/1941,sbodesson7u@lulu.com
284,Willdon,Trathan,12/8/2010,wtrathan7v@google.cn
285,Jane,Bener,12/12/2000,jbener7w@fotki.com
286,Drud,Petraitis,8/9/1901,dpetraitis7x@google.pl
287,Zechariah,Balas,4/4/1988,zbalas7y@msu.edu
288,Delinda,Cordaroy,5/27/2016,dcordaroy7z@samsung.com
289,Carlyn,Gidney,6/29/1903,cgidney80@constantcontact.com
290,Harald,Scopyn,9/4/1905,hscopyn81@live.com
291,Beth,Wildman,10/12/1950,bwildman82@mozilla.org
292,Birdie,Croxford,1/21/1926,bcroxford83@sun.com
293,Abigale,Kirsche,1/7/1935,akirsche84@census.gov
294,Stanfield,Ambler,2/10/1950,sambler85@taobao.com
295,Orelia,Aylmer,9/24/1973,oaylmer86@seesaa.net
296,Clareta,Golston,4/16/1993,cgolston87@histats.com
297,Karoly,Gidley,4/8/2005,kgidley88@sohu.com
298,Elvyn,Towsey,9/5/1925,etowsey89@tamu.edu
299,Blinni,Worshall,2/11/1906,bworshall8a@ebay.co.uk
300,Ulrikaumeko,Fairpool,2/28/1924,ufairpool8b@elpais.com
301,Asher,Harsum,11/27/2011,aharsum8c@gmpg.org
302,Constantina,Burgill,3/25/1978,cburgill8d@dedecms.com
303,Elisabetta,Gerritsma,3/12/2007,egerritsma8e@marketwatch.com
304,Sherrie,Boreham,8/31/1966,sboreham8f@umich.edu
305,Delly,Longrigg,12/17/2013,dlongrigg8g@wikia.com
306,Beniamino,John,11/23/2001,bjohn8h@cbslocal.com
307,Tucker,Winterborne,7/28/1936,twinterborne8i@cbslocal.com
308,Essie,Worsfield,7/16/1942,eworsfield8j@arstechnica.com
309,Hammad,Riedel,2/14/1908,hriedel8k@mayoclinic.com
310,Blinnie,Lethbrig,9/17/1916,blethbrig8l@aol.com
311,Joelle,Weagener,4/18/2010,jweagener8m@shinystat.com
312,Marisa,Featherstone,1/4/1997,mfeatherstone8n@a8.net
313,Alexa,Goodship,11/8/2010,agoodship8o@buzzfeed.com
314,Ephrem,Arnaldi,6/29/1904,earnaldi8p@earthlink.net
315,Osmund,Varey,2/12/1979,ovarey8q@mozilla.com
316,Nikki,Winyard,11/5/1946,nwinyard8r@angelfire.com
317,Joelynn,Fernihough,4/10/1990,jfernihough8s@apache.org
318,Licha,McNeilley,11/12/2003,lmcneilley8t@paypal.com
319,Bogey,Landreth,6/2/2012,blandreth8u@cdbaby.com
320,Jammie,Kilmary,4/3/1942,jkilmary8v@mysql.com
321,Sherman,McGragh,11/12/1963,smcgragh8w@techcrunch.com
322,Abran,Ratie,2/24/1950,aratie8x@arizona.edu
323,Elonore,Walmsley,3/7/2025,ewalmsley8y@mapquest.com
324,Andrea,Felipe,12/3/1971,afelipe8z@taobao.com
325,Adriena,Halliburton,4/28/2019,ahalliburton90@latimes.com
326,Berti,Parramore,7/8/1900,bparramore91@techcrunch.com
327,Joshia,Dienes,10/14/2005,jdienes92@illinois.edu
328,Corene,Dorracott,12/16/1954,cdorracott93@godaddy.com
329,Abagael,Murrey,7/13/1944,amurrey94@elegantthemes.com
330,Georgeta,Grellier,10/19/1997,ggrellier95@clickbank.net
331,Kelley,Lorente,6/18/1946,klorente96@csmonitor.com
332,Ulrika,Winterbottom,8/8/2011,uwinterbottom97@dedecms.com
333,Karisa,Kleinerman,6/16/1999,kkleinerman98@google.com.hk
334,Jacqueline,Cheine,8/25/2006,jcheine99@technorati.com
335,Ingra,Mandrey,11/1/1919,imandrey9a@gnu.org
336,Trix,Corris,3/26/1935,tcorris9b@ucla.edu
337,Drusilla,Kener,4/5/1920,dkener9c@go.com
338,Heida,Chesnut,4/30/1963,hchesnut9d@unicef.org
339,Tiffy,Kynman,8/13/1909,tkynman9e@prlog.org
340,Brady,Deal,3/23/1917,bdeal9f@photobucket.com
341,Karel,Holdin,3/31/1984,kholdin9g@rediff.com
342,Rosemary,Pyle,5/7/1902,rpyle9h@foxnews.com
343,Florinda,Arlt,2/22/1973,farlt9i@devhub.com
344,Connie,Weatherhead,8/23/1940,cweatherhead9j@weebly.com
345,Van,Gaskin,2/21/1935,vgaskin9k@istockphoto.com
346,Sanford,Whorall,12/13/1944,swhorall9l@linkedin.com
347,Penrod,Oulner,4/19/1960,poulner9m@wikispaces.com
348,Gavrielle,Bentz,6/7/1919,gbentz9n@people.com.cn
349,Kassie,Amort,5/30/1917,kamort9o@weather.com
350,Raye,Critzen,11/14/2024,rcritzen9p@illinois.edu
351,Lura,Luckey,10/7/1910,lluckey9q@163.com
352,Dredi,Gatecliffe,6/2/1994,dgatecliffe9r@ihg.com
353,Ferdinanda,Hurl,8/7/1917,fhurl9s@istockphoto.com
354,Wyn,Antoons,8/4/1912,wantoons9t@eventbrite.com
355,Dare,Carncross,4/13/1965,dcarncross9u@sakura.ne.jp
356,Jenni,Hairs,4/7/1932,jhairs9v@desdev.cn
357,Morgen,Joseland,3/10/1948,mjoseland9w@skyrock.com
358,Bax,More,6/22/1951,bmore9x@skyrock.com
359,Granville,Coverly,12/5/2021,gcoverly9y@tripod.com
360,Carr,Hardcastle,9/15/2007,chardcastle9z@nifty.com
361,Shelia,Coleby,3/11/2023,scolebya0@discuz.net
362,Sophronia,Gossage,9/21/1919,sgossagea1@msu.edu
363,Pauly,Ellam,2/11/1977,pellama2@tripadvisor.com
364,Tawsha,Corke,3/4/2016,tcorkea3@apple.com
365,Sophie,Acreman,9/24/1911,sacremana4@ask.com
366,Mariel,Stapforth,2/13/2010,mstapfortha5@java.com
367,Halie,Spreag,7/27/1954,hspreaga6@over-blog.com
368,Dorise,McCosker,10/24/2009,dmccoskera7@digg.com
369,Barthel,Sorton,6/3/1990,bsortona8@howstuffworks.com
370,Gizela,Brach,5/7/1973,gbracha9@spiegel.de
371,Carolin,Osgordby,3/11/2020,cosgordbyaa@wiley.com
372,Gerhardt,Curgenven,2/27/1988,gcurgenvenab@miitbeian.gov.cn
373,Nealson,Voelker,5/15/1914,nvoelkerac@cornell.edu
374,Sue,Fulleylove,11/13/2025,sfulleylovead@webs.com
375,Linnet,St. Pierre,10/3/1920,lstpierreae@hatena.ne.jp
376,Iggy,Gerraty,11/23/2014,igerratyaf@guardian.co.uk
377,Poppy,Dahle,1/5/1956,pdahleag@technorati.com
378,Fax,Attride,11/9/1946,fattrideah@qq.com
379,Johny,Geipel,2/6/1917,jgeipelai@tinyurl.com
380,Robbi,Lapslie,5/18/1904,rlapslieaj@wired.com
381,Anya,Kirkham,2/4/1916,akirkhamak@geocities.jp
382,Brett,Wycliffe,4/20/2009,bwycliffeal@msn.com
383,Burg,Lannon,3/11/1961,blannonam@abc.net.au
384,Alyosha,Worham,8/25/1970,aworhaman@themeforest.net
385,Loralie,Kohrs,9/22/1936,lkohrsao@cdc.gov
386,Uriah,Wythe,3/29/1945,uwytheap@ovh.net
387,Danika,Samworth,2/17/1927,dsamworthaq@vimeo.com
388,Christabella,Bartle,12/23/1908,cbartlear@amazon.de
389,Nara,Hatwell,7/5/1950,nhatwellas@mediafire.com
390,Cheri,Camin,10/22/2021,ccaminat@alexa.com
391,Yvonne,Hatchell,2/17/2018,yhatchellau@epa.gov
392,Hadley,Muat,7/10/2001,hmuatav@ifeng.com
393,Caddric,Blodget,1/14/2012,cblodgetaw@comsenz.com
394,Dallas,Bartozzi,1/7/1928,dbartozziax@xing.com
395,Neila,Funnell,6/6/1911,nfunnellay@weebly.com
396,Vinson,Curnok,9/26/1926,vcurnokaz@ucsd.edu
397,Sean,Heart,11/20/1907,sheartb0@blogs.com
398,Claribel,Horsefield,10/22/1903,chorsefieldb1@irs.gov
399,Fredia,Enderwick,7/26/1905,fenderwickb2@seattletimes.com
400,Neel,Whellans,9/24/2015,nwhellansb3@mayoclinic.com
401,Kellina,Olander,4/20/1925,kolanderb4@github.com
402,Juli,Gowanlock,3/18/1966,jgowanlockb5@g.co
403,Michail,Winspare,12/29/2003,mwinspareb6@ca.gov
404,Tally,Thys,9/18/1976,tthysb7@chron.com
405,Selinda,Drains,7/4/1934,sdrainsb8@over-blog.com
406,Ignacio,Boecke,6/9/1920,iboeckeb9@auda.org.au
407,Kikelia,MacFarlane,10/30/1940,kmacfarlaneba@uol.com.br
408,Maury,Redfern,6/6/1928,mredfernbb@icio.us
409,Lilly,Ormistone,12/6/2012,lormistonebc@fastcompany.com
410,Muffin,Le Grice,7/17/1903,mlegricebd@cpanel.net
411,Lodovico,Moryson,10/8/1944,lmorysonbe@paginegialle.it
412,Shadow,Tevelov,10/8/1997,stevelovbf@flickr.com
413,Linell,Oiseau,10/17/1985,loiseaubg@cnn.com
414,Orin,Sallter,3/1/1987,osallterbh@gov.uk
415,Gussi,Flippelli,1/7/1933,gflippellibi@mtv.com
416,Tammie,Sadlier,12/7/1992,tsadlierbj@bandcamp.com
417,Evangelina,Hickisson,8/30/1937,ehickissonbk@spotify.com
418,Jania,Phelit,12/17/1927,jphelitbl@dedecms.com
419,Lonnie,Seville,7/21/1981,lsevillebm@umich.edu
420,Nicolette,Berns,4/14/2011,nbernsbn@home.pl
421,Dasie,Esp,7/21/2011,despbo@linkedin.com
422,Yves,Chretien,8/13/1983,ychretienbp@lycos.com
423,Rancell,Rickaert,6/28/1998,rrickaertbq@flickr.com
424,Lauri,Trazzi,12/4/1969,ltrazzibr@geocities.com
425,Madeleine,Cotsford,8/24/1997,mcotsfordbs@networkadvertising.org
426,Gael,Aish,3/8/1953,gaishbt@fastcompany.com
427,Lannie,Blofeld,1/28/1922,lblofeldbu@bizjournals.com
428,Frank,Colecrough,1/23/2004,fcolecroughbv@posterous.com
429,Kippar,McLean,6/28/1966,kmcleanbw@samsung.com
430,Alonzo,McKall,6/2/1908,amckallbx@seesaa.net
431,Creigh,Sewley,8/28/1975,csewleyby@shareasale.com
432,Nil,Eldin,5/12/1901,neldinbz@shop-pro.jp
433,Marylynne,Whaley,7/8/2013,mwhaleyc0@unicef.org
434,Edie,Georgius,7/21/1998,egeorgiusc1@xinhuanet.com
435,Meade,Andrichuk,11/25/2013,mandrichukc2@networksolutions.com
436,Alexandro,Claus,8/20/1944,aclausc3@linkedin.com
437,Kristo,Fellows,12/16/1990,kfellowsc4@github.io
438,Lauryn,Howatt,9/11/1971,lhowattc5@ameblo.jp
439,Michell,Forseith,5/14/1901,mforseithc6@wp.com
440,Christen,Sussems,12/20/1971,csussemsc7@huffingtonpost.com
441,Edy,McMurray,6/5/1952,emcmurrayc8@telegraph.co.uk
442,Nataniel,True,12/3/1955,ntruec9@webeden.co.uk
443,Rafe,Backs,3/1/1999,rbacksca@yahoo.com
444,Randal,Arch,8/23/2008,rarchcb@typepad.com
445,Brockie,Romanini,12/27/1985,bromaninicc@ucsd.edu
446,Valma,Tryhorn,1/13/2011,vtryhorncd@wikispaces.com
447,Randene,Eakeley,4/27/1929,reakeleyce@bluehost.com
448,Emalia,Amberger,11/17/1976,eambergercf@sogou.com
449,Kellie,Baxstare,1/27/1932,kbaxstarecg@cnbc.com
450,Foster,Lockless,3/10/1996,flocklessch@devhub.com
451,Ailey,Phythien,7/22/2025,aphythienci@jigsy.com
452,Wallie,Deeves,8/1/1975,wdeevescj@hostgator.com
453,Gusella,Winchcomb,5/24/2015,gwinchcombck@soup.io
454,Dalli,Ezele,2/2/1996,dezelecl@163.com
455,Trev,Dimock,6/24/1903,tdimockcm@adobe.com
456,Shanda,Chawner,11/5/2007,schawnercn@hc360.com
457,Manda,Mabone,2/19/2020,mmaboneco@hexun.com
458,Elicia,Mathevet,10/12/1942,emathevetcp@feedburner.com
459,Marquita,Heavy,7/31/1971,mheavycq@bloglines.com
460,Tristam,Chmiel,5/19/1955,tchmielcr@tinyurl.com
461,Colline,Beevors,10/27/1966,cbeevorscs@feedburner.com
462,Neils,Brennen,1/13/2007,nbrennenct@rakuten.co.jp
463,Rogerio,Ginie,3/25/1925,rginiecu@comsenz.com
464,Othilie,Graffin,6/2/1911,ograffincv@vk.com
465,Bret,Horstead,9/7/2024,bhorsteadcw@newyorker.com
466,Melva,Kinnerk,5/21/1924,mkinnerkcx@jimdo.com
467,Emery,Careswell,12/12/1964,ecareswellcy@facebook.com
468,Mariska,Bownass,3/28/1941,mbownasscz@newyorker.com
469,Dominga,Macon,3/1/1927,dmacond0@sciencedaily.com
470,Sarah,Quarrell,12/30/1972,squarrelld1@si.edu
471,Chrystel,Whisker,4/28/1947,cwhiskerd2@princeton.edu
472,Charisse,Bernardino,8/15/1976,cbernardinod3@unesco.org
473,Maiga,Wanden,12/30/1968,mwandend4@pcworld.com
474,Kissie,Hodgin,11/10/1906,khodgind5@freewebs.com
475,Rasla,Belvard,10/14/1922,rbelvardd6@businessweek.com
476,Neely,Fores,10/31/1916,nforesd7@goo.gl
477,Ula,Bassham,12/28/1935,ubasshamd8@friendfeed.com
478,Stephie,Angrock,11/11/2023,sangrockd9@sciencedirect.com
479,Hurley,Danjoie,4/24/1937,hdanjoieda@state.gov
480,Dela,Vipan,7/29/2001,dvipandb@fotki.com
481,Cirillo,Witter,6/2/1964,cwitterdc@domainmarket.com
482,Gelya,Ingarfield,11/3/1997,gingarfielddd@blinklist.com
483,Suzi,Summerrell,10/1/1967,ssummerrellde@miitbeian.gov.cn
484,Salaidh,Trase,2/7/1966,strasedf@jigsy.com
485,Justis,Garfath,12/14/2014,jgarfathdg@ed.gov
486,Shell,Claypole,9/7/1981,sclaypoledh@google.de
487,Paige,Koppe,7/23/1902,pkoppedi@washington.edu
488,Nichole,Coldham,5/17/1998,ncoldhamdj@unblog.fr
489,Philippa,Barensen,4/20/1965,pbarensendk@bravesites.com
490,Casar,Soloway,7/30/1923,csolowaydl@accuweather.com
491,Brandise,Cundict,12/26/1991,bcundictdm@weibo.com
492,Graehme,Sousa,5/9/2008,gsousadn@hugedomains.com
493,Avery,Gehrtz,6/28/1982,agehrtzdo@sciencedaily.com
494,Neron,Behn,12/31/1909,nbehndp@adobe.com
495,Brear,Van der Hoven,4/25/1971,bvanderhovendq@angelfire.com
496,Gwenette,Kynforth,2/9/2016,gkynforthdr@shinystat.com
497,Jonathon,Ackery,2/6/1905,jackeryds@nsw.gov.au
498,Ignacio,Piscot,3/26/1966,ipiscotdt@trellian.com
499,Phil,Need,2/14/1970,pneeddu@infoseek.co.jp
500,Horst,Kaley,8/19/1953,hkaleydv@trellian.com
501,Jordan,Vigours,5/21/1978,jvigoursdw@fema.gov
502,Cristine,Siccombe,6/16/1929,csiccombedx@usa.gov
503,Kamillah,Blaxter,5/15/1991,kblaxterdy@google.ca
504,Trent,Gladding,6/27/1945,tgladdingdz@example.com
505,Perla,Sleeny,7/19/1977,psleenye0@tumblr.com
506,Lesley,Hafner,10/20/1947,lhafnere1@noaa.gov
507,Mariana,Stritton,2/28/1948,mstrittone2@state.gov
508,Griz,Mattiuzzi,8/5/1920,gmattiuzzie3@cornell.edu
509,Etienne,Wodham,11/11/2007,ewodhame4@cdc.gov
510,Cesar,Clark,11/1/1993,cclarke5@msu.edu
511,Alexia,Drover,5/19/1967,adrovere6@stumbleupon.com
512,Dell,Pointing,2/1/1985,dpointinge7@networksolutions.com
513,Bambi,Barrus,1/23/1901,bbarruse8@bandcamp.com
514,Molli,Phidgin,7/23/1947,mphidgine9@desdev.cn
515,Vinny,Cobon,8/26/1921,vcobonea@vkontakte.ru
516,Berta,Eggleston,6/20/1964,begglestoneb@geocities.com
517,Yardley,Furlow,2/25/1914,yfurlowec@bloglines.com
518,Jakob,Seefus,1/1/2016,jseefused@fotki.com
519,Bail,Studdert,2/11/1993,bstuddertee@bbb.org
520,Carleen,Pevsner,10/9/1976,cpevsneref@howstuffworks.com
521,Sher,Morston,6/20/1908,smorstoneg@discovery.com
522,Rich,Jori,1/5/2006,rjorieh@ucla.edu
523,Hilton,Kubiak,11/6/2016,hkubiakei@tripod.com
524,Alameda,Sibbald,4/15/1904,asibbaldej@slashdot.org
525,Stavro,Mariet,8/1/1958,smarietek@mapy.cz
526,Clare,Sheen,3/10/1995,csheenel@nyu.edu
527,Celestyna,Kemmish,5/20/1925,ckemmishem@google.com.br
528,Margareta,Lobb,8/31/1938,mlobben@mozilla.org
529,Willi,Keniwell,6/22/1943,wkeniwelleo@about.me
530,Blisse,Saylor,1/10/1904,bsaylorep@chron.com
531,Viki,Agus,6/29/1942,vaguseq@sohu.com
532,Adriana,Goodhall,11/14/2013,agoodhaller@oakley.com
533,Crystie,Avramovich,2/2/1942,cavramoviches@oaic.gov.au
534,Marabel,Shields,4/4/2011,mshieldset@edublogs.org
535,Brooks,Mattedi,7/25/1977,bmattedieu@plala.or.jp
536,Herb,Hanfrey,8/3/1931,hhanfreyev@auda.org.au
537,Giordano,Laise,4/10/1955,glaiseew@ebay.co.uk
538,Ardenia,Doale,1/3/1996,adoaleex@feedburner.com
539,Abeu,Niblett,7/22/1930,aniblettey@guardian.co.uk
540,Mirilla,Dmitrievski,9/26/1904,mdmitrievskiez@diigo.com
541,Margarita,Quarrington,7/12/1945,mquarringtonf0@ask.com
542,Loreen,Seagood,10/24/1975,lseagoodf1@sun.com
543,Bearnard,Mushart,9/10/2020,bmushartf2@mit.edu
544,Allx,Fellis,8/27/1942,afellisf3@huffingtonpost.com
545,Olivier,Abbie,8/30/1935,oabbief4@163.com
546,Armin,Schroter,12/30/1926,aschroterf5@scribd.com
547,Hillel,Van Oort,7/17/1944,hvanoortf6@pcworld.com
548,Cortie,Kubek,6/15/1950,ckubekf7@zdnet.com
549,Bren,Straker,1/8/1964,bstrakerf8@unesco.org
550,Rania,Halahan,8/5/2006,rhalahanf9@livejournal.com
551,Bambie,Birchall,6/11/2015,bbirchallfa@vk.com
552,Dorelia,Swainson,10/29/1907,dswainsonfb@arizona.edu
553,Ursulina,Stebles,7/6/2019,usteblesfc@hc360.com
554,Tarra,Shitliffe,3/5/1911,tshitliffefd@weebly.com
555,Anton,O'Hoey,3/24/1906,aohoeyfe@tumblr.com
556,Onfre,Beig,4/20/1964,obeigff@usatoday.com
557,Jasmina,Tack,3/11/2023,jtackfg@vistaprint.com
558,Shelby,Glazier,7/6/1997,sglazierfh@npr.org
559,Amby,Saphir,8/29/1929,asaphirfi@nyu.edu
560,Amata,Clawson,7/8/1914,aclawsonfj@chron.com
561,Ikey,Thunnercliff,7/13/1974,ithunnerclifffk@constantcontact.com
562,Stephine,Eunson,8/30/1972,seunsonfl@reference.com
563,Berta,Antonazzi,10/23/2015,bantonazzifm@tripadvisor.com
564,Mitchel,Faltskog,8/4/2004,mfaltskogfn@sakura.ne.jp
565,Fleur,Strickett,4/1/1972,fstrickettfo@hugedomains.com
566,Osbourn,Joesbury,6/18/1956,ojoesburyfp@so-net.ne.jp
567,Faun,Whieldon,2/24/1966,fwhieldonfq@twitter.com
568,Edgar,Scandwright,4/20/1915,escandwrightfr@vistaprint.com
569,Serena,Wixey,6/5/2017,swixeyfs@comsenz.com
570,Zacharias,O'Bradain,10/19/2019,zobradainft@friendfeed.com
571,Catherin,Brumpton,6/20/2007,cbrumptonfu@springer.com
572,Abeu,Woodison,5/26/2017,awoodisonfv@foxnews.com
573,Roselin,Beecker,12/14/1960,rbeeckerfw@skype.com
574,Olwen,Jouandet,11/3/1982,ojouandetfx@themeforest.net
575,Phedra,Castagnasso,9/7/1952,pcastagnassofy@freewebs.com
576,Vernen,Joreau,8/30/1944,vjoreaufz@sciencedaily.com
577,Ange,Huckfield,7/23/1964,ahuckfieldg0@forbes.com
578,Bambie,Gosenell,7/18/2020,bgosenellg1@paypal.com
579,Gracia,Wardhaugh,6/28/1964,gwardhaughg2@ameblo.jp
580,Dana,Littrick,10/12/1928,dlittrickg3@vimeo.com
581,Morlee,Heyburn,8/22/1959,mheyburng4@myspace.com
582,Fanchette,Pettigrew,6/24/1929,fpettigrewg5@meetup.com
583,Benjamen,Hassur,2/28/1952,bhassurg6@symantec.com
584,Carrol,Rapson,4/24/1944,crapsong7@bandcamp.com
585,El,Henningham,2/24/2008,ehenninghamg8@omniture.com
586,Joice,Tremmil,11/22/1999,jtremmilg9@hc360.com
587,Binny,Vittore,7/23/1955,bvittorega@ocn.ne.jp
588,Alan,Basillon,4/20/1929,abasillongb@utexas.edu
589,Gilberto,Skilbeck,12/19/2002,gskilbeckgc@nih.gov
590,Gypsy,Dreng,12/24/2008,gdrenggd@biglobe.ne.jp
591,Filia,Mazella,7/29/1929,fmazellage@twitter.com
592,Sophia,Gorman,1/5/1960,sgormangf@sourceforge.net
593,Merrill,Leversha,5/26/1901,mlevershagg@state.tx.us
594,Renata,Gallihaulk,4/21/1949,rgallihaulkgh@pinterest.com
595,Annabal,Showte,10/8/1977,ashowtegi@stanford.edu
596,Arvie,Ackery,3/28/1936,aackerygj@woothemes.com
597,Vinni,Lunbech,1/27/1996,vlunbechgk@newyorker.com
598,Katee,Jelliman,10/12/1961,kjellimangl@hao123.com
599,Arty,Withringten,4/19/1969,awithringtengm@ed.gov
600,Abbott,Kerfod,6/14/1927,akerfodgn@phpbb.com
601,Carmelle,Ivel,11/23/1958,civelgo@typepad.com
602,Gilles,Dinley,4/8/1900,gdinleygp@kickstarter.com
603,Willi,Petr,10/21/1917,wpetrgq@cnbc.com
604,Kipp,Cassam,7/7/1975,kcassamgr@epa.gov
605,Karl,Wagon,12/29/2015,kwagongs@slate.com
606,Glad,Leele,4/7/2023,gleelegt@admin.ch
607,Jenica,Cranefield,8/5/1927,jcranefieldgu@free.fr
608,Joey,Hamer,4/1/1944,jhamergv@skyrock.com
609,Leona,Plester,3/19/1940,lplestergw@ezinearticles.com
610,Annabel,Wedmore.,12/3/1945,awedmoregx@ebay.co.uk
611,Whitman,Ivakhnov,10/5/1903,wivakhnovgy@canalblog.com
612,Amble,Sherlaw,4/7/1923,asherlawgz@google.it
613,Brier,Georger,9/4/1996,bgeorgerh0@statcounter.com
614,Hew,Dumbrill,6/10/1960,hdumbrillh1@smugmug.com
615,Violette,Toone,12/5/2003,vtooneh2@oracle.com
616,Andy,Safell,12/20/1933,asafellh3@ted.com
617,Winny,Curtiss,4/27/1982,wcurtissh4@geocities.jp
618,Gert,Henighan,11/13/1923,ghenighanh5@i2i.jp
619,Sande,Decaze,3/6/1982,sdecazeh6@myspace.com
620,Gradey,Ousbie,10/24/2002,gousbieh7@technorati.com
621,Nicki,Pannett,7/8/1939,npannetth8@webmd.com
622,Nydia,Bediss,1/24/1976,nbedissh9@sogou.com
623,Dulcia,Howland,12/16/1930,dhowlandha@sciencedirect.com
624,Joshua,Dorricott,5/26/1998,jdorricotthb@friendfeed.com
625,Feliks,Morland,12/7/1935,fmorlandhc@youtube.com
626,Odie,Wolfendell,5/7/1916,owolfendellhd@cam.ac.uk
627,Sherrie,Calverd,9/18/1902,scalverdhe@studiopress.com
628,Nelly,Veart,11/26/1997,nvearthf@nhs.uk
629,Claribel,Yesson,9/5/1913,cyessonhg@soup.io
630,Pegeen,Andino,4/20/1902,pandinohh@mozilla.com
631,Berton,Withringten,10/16/2000,bwithringtenhi@upenn.edu
632,Michal,Sainteau,9/7/1915,msainteauhj@booking.com
633,Mac,Trineman,3/16/1997,mtrinemanhk@google.cn
634,Meryl,Leyman,1/5/1953,mleymanhl@aboutads.info
635,Geneva,Haslin,11/30/1935,ghaslinhm@miitbeian.gov.cn
636,Ernestine,Antonich,3/30/1905,eantonichhn@mozilla.org
637,Cami,Belcham,1/1/1929,cbelchamho@ibm.com
638,Bernita,Vardie,3/19/2019,bvardiehp@google.co.uk
639,Kiri,Blunderfield,11/4/1996,kblunderfieldhq@webs.com
640,Raeann,Duckworth,9/23/2013,rduckworthhr@fotki.com
641,Marsha,Merrick,11/29/1920,mmerrickhs@hostgator.com
642,Janelle,Mundie,6/7/1953,jmundieht@constantcontact.com
643,Truman,Duligall,3/6/1974,tduligallhu@webmd.com
644,Shep,Nana,6/16/1932,snanahv@google.it
645,Ritchie,Dearness,11/28/2013,rdearnesshw@desdev.cn
646,Sean,Bicker,8/17/1964,sbickerhx@multiply.com
647,Zaccaria,Argyle,7/23/1905,zargylehy@reverbnation.com
648,Nicolas,Hiom,2/22/1903,nhiomhz@purevolume.com
649,Jordon,Nesbit,6/19/1952,jnesbiti0@bandcamp.com
650,Carleton,McCourtie,1/26/1932,cmccourtiei1@typepad.com
651,Byran,Tickel,5/4/1990,btickeli2@goodreads.com
652,Constantina,Poulden,3/7/1974,cpouldeni3@fastcompany.com
653,Kristyn,Habberjam,12/3/2002,khabberjami4@google.com
654,Marya,Agott,12/28/1982,magotti5@google.com.au
655,Westbrook,Olivo,11/25/2023,wolivoi6@un.org
656,Hugo,Roseblade,12/16/1999,hrosebladei7@issuu.com
657,Kile,Moxom,1/14/1952,kmoxomi8@theatlantic.com
658,Chance,Blunsum,12/16/1988,cblunsumi9@vinaora.com
659,Modesty,Top,4/30/1931,mtopia@yolasite.com
660,Bobby,Richardt,9/10/1941,brichardtib@github.io
661,Byrann,Pawelczyk,7/5/1925,bpawelczykic@deliciousdays.com
662,Bryce,Chantree,2/23/1987,bchantreeid@aboutads.info
663,Adams,Deluce,11/18/1915,adeluceie@techcrunch.com
664,Pall,Kinrade,6/1/1907,pkinradeif@vistaprint.com
665,Amalle,Crampin,2/2/1945,acrampinig@zimbio.com
666,Eran,Maryon,10/9/1903,emaryonih@goo.gl
667,Alvan,Picheford,4/2/1930,apichefordii@google.it
668,Laney,Aujouanet,4/5/1918,laujouanetij@dailymotion.com
669,Ellissa,Whimper,1/6/1938,ewhimperik@adobe.com
670,Johann,Fozard,3/25/1975,jfozardil@pagesperso-orange.fr
671,Prince,Kubatsch,12/2/1961,pkubatschim@eventbrite.com
672,Jenn,Shermar,4/26/1921,jshermarin@ebay.co.uk
673,Helen,Gypps,11/29/1928,hgyppsio@tamu.edu
674,Ragnar,Putley,8/6/2021,rputleyip@cdbaby.com
675,Washington,Grissett,6/11/1967,wgrissettiq@digg.com
676,Georgy,Ferrarone,4/12/1998,gferraroneir@ameblo.jp
677,Bevan,Ship,5/11/1986,bshipis@phpbb.com
678,Bartolemo,Wysome,9/28/1984,bwysomeit@ucoz.ru
679,Perice,Colley,9/23/1900,pcolleyiu@reuters.com
680,Elwyn,Garvan,6/5/1900,egarvaniv@wisc.edu
681,Georgette,Hurdedge,1/16/1987,ghurdedgeiw@timesonline.co.uk
682,Georges,Badsey,5/16/1975,gbadseyix@nyu.edu
683,Mark,Gregol,10/26/1939,mgregoliy@marketwatch.com
684,Raul,McMillian,10/11/2017,rmcmillianiz@shop-pro.jp
685,Jone,Hymus,1/16/2007,jhymusj0@ow.ly
686,Pyotr,Macartney,11/28/1927,pmacartneyj1@mit.edu
687,Gertie,Gyford,10/26/1939,ggyfordj2@msn.com
688,Neddy,Quantrill,5/8/1962,nquantrillj3@oakley.com
689,Zack,Pinnigar,7/27/1959,zpinnigarj4@sfgate.com
690,Caesar,Tunnah,5/21/1972,ctunnahj5@blinklist.com
691,Anabal,Andrichuk,5/17/1938,aandrichukj6@china.com.cn
692,Delcina,Brownstein,8/2/1936,dbrownsteinj7@guardian.co.uk
693,Warde,Hourahan,7/12/2005,whourahanj8@delicious.com
694,Reggy,Astill,7/26/1981,rastillj9@chicagotribune.com
695,Theodor,Ovendon,6/17/1983,tovendonja@independent.co.uk
696,Domeniga,Rexworthy,8/11/1947,drexworthyjb@toplist.cz
697,Celinda,McCrea,4/3/1993,cmccreajc@ameblo.jp
698,Marty,Warrack,11/22/2023,mwarrackjd@virginia.edu
699,Karia,MacCrosson,5/2/1933,kmaccrossonje@businessweek.com
700,Jania,Ponsford,4/11/2002,jponsfordjf@whitehouse.gov
701,Ara,Sogg,6/5/1992,asoggjg@blogspot.com
702,Marney,Purselowe,5/30/1906,mpurselowejh@goodreads.com
703,Penny,Rivalant,11/22/1905,privalantji@wordpress.com
704,Edie,Kettley,5/5/1976,ekettleyjj@hubpages.com
705,Stefa,Ingamells,7/29/1936,singamellsjk@cisco.com
706,Jillene,Borless,6/14/1997,jborlessjl@last.fm
707,Giffard,Oleszczak,5/31/1931,goleszczakjm@patch.com
708,William,Laurentin,3/19/1926,wlaurentinjn@scribd.com
709,Audra,Tambling,12/8/1926,atamblingjo@mayoclinic.com
710,Barrie,Whyley,9/9/1907,bwhyleyjp@sphinn.com
711,Gal,Minelli,4/22/2019,gminellijq@state.tx.us
712,Darci,Cavanagh,3/1/1967,dcavanaghjr@parallels.com
713,Reinaldo,Castleman,3/28/1958,rcastlemanjs@ca.gov
714,Baily,Trousdale,2/11/2016,btrousdalejt@pen.io
715,Cristy,Lippingwell,1/12/2013,clippingwellju@cmu.edu
716,Ardelia,Gerrill,7/16/1922,agerrilljv@mozilla.org
717,Meredithe,Risbrough,4/20/1944,mrisbroughjw@arstechnica.com
718,Roi,Delafoy,10/23/2004,rdelafoyjx@economist.com
719,Lacy,Jamson,8/16/1963,ljamsonjy@google.com
720,Bonita,Epps,5/27/1972,beppsjz@virginia.edu
721,Humbert,Beney,11/7/1909,hbeneyk0@howstuffworks.com
722,Katy,Brewster,8/15/1924,kbrewsterk1@livejournal.com
723,Abe,Dowker,9/15/1901,adowkerk2@newyorker.com
724,Florencia,Anfosso,5/28/1932,fanfossok3@oaic.gov.au
725,Lynna,Mingauld,5/4/2014,lmingauldk4@blogspot.com
726,Mendie,Devenport,6/10/2010,mdevenportk5@weather.com
727,Auria,Leadley,12/9/2022,aleadleyk6@mediafire.com
728,Sylvia,Suggitt,6/1/1942,ssuggittk7@ucoz.ru
729,Aggy,Brook,7/30/2025,abrookk8@tripadvisor.com
730,Margaretta,Rizzardini,7/23/1941,mrizzardinik9@ucsd.edu
731,Bidget,Rothermel,12/3/1955,brothermelka@qq.com
732,Leslie,Friedank,2/21/1914,lfriedankkb@odnoklassniki.ru
733,Claresta,Davydychev,4/19/2024,cdavydychevkc@mlb.com
734,Liz,Antonopoulos,11/15/1927,lantonopouloskd@imgur.com
735,Nickolaus,Paulin,7/25/1966,npaulinke@china.com.cn
736,Alexine,Matthis,12/15/1968,amatthiskf@mediafire.com
737,Carina,Hogben,3/1/1928,chogbenkg@zimbio.com
738,Thaddus,Vassbender,4/8/1991,tvassbenderkh@g.co
739,Stepha,Hillin,5/16/1961,shillinki@japanpost.jp
740,Noam,Cary,6/7/1964,ncarykj@mozilla.com
741,Rudolph,Tohill,3/17/1966,rtohillkk@cnet.com
742,Cherida,Pharoah,11/25/2013,cpharoahkl@canalblog.com
743,Bobby,Duligall,11/16/1939,bduligallkm@digg.com
744,Doll,Pinnock,3/12/2004,dpinnockkn@t.co
745,Myrtle,Pinsent,6/28/2011,mpinsentko@xinhuanet.com
746,Debi,Rae,2/1/2014,draekp@unc.edu
747,Nancee,Buttress,4/6/1902,nbuttresskq@unblog.fr
748,Berna,Barribal,1/8/1994,bbarribalkr@clickbank.net
749,Bink,Macrow,6/9/1994,bmacrowks@cnbc.com
750,Yoko,Malec,8/16/2000,ymaleckt@is.gd
751,Melinda,Quigley,8/27/1900,mquigleyku@cbsnews.com
752,Kylie,Mousdall,8/1/2021,kmousdallkv@livejournal.com
753,Colene,Evanson,10/9/2014,cevansonkw@admin.ch
754,Ase,Fleckno,2/12/1910,aflecknokx@ehow.com
755,Elmira,Lejeune,8/18/1975,elejeuneky@eventbrite.com
756,Chandra,Lower,11/17/1948,clowerkz@ow.ly
757,Clem,Dilrew,10/4/1902,cdilrewl0@si.edu
758,Taryn,Vaadeland,6/22/1941,tvaadelandl1@mozilla.org
759,Inga,Challace,5/29/1973,ichallacel2@studiopress.com
760,Wadsworth,Roakes,4/22/2024,wroakesl3@posterous.com
761,Odelia,Orniz,8/29/1918,oornizl4@constantcontact.com
762,Abel,Cossell,4/13/1953,acosselll5@nba.com
763,Bernie,Pavluk,8/25/1982,bpavlukl6@biglobe.ne.jp
764,Golda,Loughran,2/18/1946,gloughranl7@si.edu
765,Shadow,Comusso,11/2/1917,scomussol8@yahoo.com
766,Theodora,Wisniewski,5/14/1915,twisniewskil9@howstuffworks.com
767,Irving,Worsam,1/22/1908,iworsamla@ezinearticles.com
768,Haleigh,Kaplan,3/16/1961,hkaplanlb@house.gov
769,Nealson,McKerley,12/27/1975,nmckerleylc@yellowbook.com
770,Mikaela,Meadows,12/28/1992,mmeadowsld@addthis.com
771,Ally,Gerram,12/23/1904,agerramle@auda.org.au
772,Cory,Foggarty,9/18/1914,cfoggartylf@opensource.org
773,Dione,Burborough,8/1/1904,dburboroughlg@gnu.org
774,Cass,Loftus,7/19/1962,cloftuslh@ovh.net
775,Corette,Goodier,10/15/1933,cgoodierli@nba.com
776,Arel,Ladon,2/7/1990,aladonlj@seattletimes.com
777,Lyda,Foyle,1/10/1968,lfoylelk@wufoo.com
778,Franky,Arrol,12/10/1935,farrolll@addthis.com
779,Kori,Turfrey,4/13/1971,kturfreylm@mediafire.com
780,Eloise,Varnam,1/26/1972,evarnamln@mediafire.com
781,Jerrilee,Szymanski,2/26/1910,jszymanskilo@edublogs.org
782,Farleigh,Karolowski,6/13/2023,fkarolowskilp@apache.org
783,Noby,Garritley,3/25/1965,ngarritleylq@studiopress.com
784,Josias,Giannazzi,10/15/1989,jgiannazzilr@slate.com
785,Corrie,Blunden,9/14/1914,cblundenls@yahoo.co.jp
786,Roth,Wrankling,2/6/1987,rwranklinglt@infoseek.co.jp
787,Dexter,Domke,4/22/1919,ddomkelu@technorati.com
788,Wallie,Gathercole,2/20/1902,wgathercolelv@sohu.com
789,Ewan,Dabner,7/24/1935,edabnerlw@yale.edu
790,Tobey,Pittam,6/9/1922,tpittamlx@pagesperso-orange.fr
791,Ryley,Ibotson,2/3/2012,ribotsonly@indiatimes.com
792,Elna,Garnham,3/22/1988,egarnhamlz@quantcast.com
793,Nadine,Margaritelli,7/13/1920,nmargaritellim0@blogtalkradio.com
794,Cy,McFayden,8/17/1977,cmcfaydenm1@cbslocal.com
795,Daria,Baison,10/17/1913,dbaisonm2@ow.ly
796,Dianna,Ochiltree,2/12/1982,dochiltreem3@1688.com
797,Manda,Melbert,10/6/1933,mmelbertm4@storify.com
798,Rab,Shervil,4/9/1935,rshervilm5@ed.gov
799,Fanechka,Simnor,12/8/1915,fsimnorm6@adobe.com
800,Randall,Fogel,2/5/1986,rfogelm7@cloudflare.com
801,Jamey,Briereton,2/3/1955,jbrieretonm8@latimes.com
802,Wini,Clougher,3/30/2018,wclougherm9@yale.edu
803,Adan,Saul,8/10/1960,asaulma@examiner.com
804,Bertine,Yarnton,6/3/1963,byarntonmb@163.com
805,Lotti,Hansie,11/24/1903,lhansiemc@hao123.com
806,Jeth,Le Pruvost,1/19/1909,jlepruvostmd@opera.com
807,Danya,Stegel,3/22/1990,dstegelme@wsj.com
808,Carola,Drackford,6/5/1944,cdrackfordmf@ted.com
809,Hubie,Ormistone,10/3/2020,hormistonemg@bravesites.com
810,Royall,Bottomore,8/21/1930,rbottomoremh@addthis.com
811,Corene,Margrie,2/5/1941,cmargriemi@google.fr
812,Clayborne,Belfitt,3/9/1940,cbelfittmj@digg.com
813,Ines,Flatman,4/11/1948,iflatmanmk@who.int
814,Rickie,Sprowles,5/27/1939,rsprowlesml@samsung.com
815,Aurora,McGeoch,11/7/2011,amcgeochmm@bbc.co.uk
816,Andee,Tenby,10/2/1965,atenbymn@europa.eu
817,Raven,Moncreiffe,11/28/1951,rmoncreiffemo@nature.com
818,Gianina,Roft,8/19/1933,groftmp@cornell.edu
819,Yard,Aveson,1/15/1919,yavesonmq@liveinternet.ru
820,Barbey,Barltrop,11/3/1945,bbarltropmr@msu.edu
821,Agosto,Bambrough,1/17/2023,abambroughms@elegantthemes.com
822,Doralynne,Kingaby,6/28/1954,dkingabymt@examiner.com
823,Jill,Vasichev,2/7/2012,jvasichevmu@so-net.ne.jp
824,Ailina,Oakley,1/22/1973,aoakleymv@bbc.co.uk
825,Kare,Idiens,11/7/1949,kidiensmw@godaddy.com
826,Kurtis,Salman,10/15/1974,ksalmanmx@imageshack.us
827,Lorie,Dowdney,1/23/1908,ldowdneymy@tiny.cc
828,Lee,Rappa,10/16/1920,lrappamz@cbc.ca
829,Hanny,Sheeran,5/13/1910,hsheerann0@g.co
830,Alla,Emmert,7/12/2003,aemmertn1@google.com
831,Ruttger,Novic,12/3/1938,rnovicn2@slideshare.net
832,Marian,Byfield,10/27/1909,mbyfieldn3@pagesperso-orange.fr
833,Orel,Shipcott,6/21/1987,oshipcottn4@youtu.be
834,Jud,McClenan,1/7/1918,jmcclenann5@arstechnica.com
835,Noellyn,Remington,11/29/2000,nremingtonn6@drupal.org
836,Bendix,McCook,12/20/1931,bmccookn7@blogspot.com
837,Bar,Menhenitt,7/20/1962,bmenhenittn8@springer.com
838,Clemmy,Lashmore,12/1/1992,clashmoren9@php.net
839,Winn,Seeds,10/9/1941,wseedsna@canalblog.com
840,Giorgi,Darkins,2/12/1909,gdarkinsnb@amazonaws.com
841,Edik,Cranny,9/23/1982,ecrannync@plala.or.jp
842,Janey,Flockhart,10/4/1915,jflockhartnd@bing.com
843,Kari,McAlinden,1/1/1954,kmcalindenne@lulu.com
844,Koralle,Meekings,6/23/1955,kmeekingsnf@live.com
845,Welby,Kemwall,1/28/2021,wkemwallng@adobe.com
846,Reid,Dudin,8/27/1909,rdudinnh@blog.com
847,Bianka,Tomicki,7/15/1930,btomickini@mapquest.com
848,Stephanus,Vousden,8/29/2020,svousdennj@usa.gov
849,Aurora,Dufall,3/30/1972,adufallnk@slashdot.org
850,Anatole,Rosenbusch,10/20/1917,arosenbuschnl@ebay.com
851,Chris,Fassbender,6/27/2018,cfassbendernm@twitpic.com
852,Waylin,Prisley,7/23/1912,wprisleynn@drupal.org
853,Celestine,Sciacovelli,10/5/2001,csciacovellino@wix.com
854,Minerva,Mounch,5/4/1976,mmounchnp@umich.edu
855,Homerus,Neggrini,8/16/1944,hneggrininq@auda.org.au
856,Armando,Macbane,12/2/1993,amacbanenr@vimeo.com
857,Giralda,Scarasbrick,11/27/1988,gscarasbrickns@tripod.com
858,Eydie,Capeloff,7/26/2024,ecapeloffnt@dedecms.com
859,Yankee,Kaaskooper,1/13/1943,ykaaskoopernu@weibo.com
860,Shawna,Rackham,1/19/1948,srackhamnv@dmoz.org
861,Phyllis,Salzen,11/21/1940,psalzennw@mail.ru
862,Augustina,Tinsley,2/16/2023,atinsleynx@shop-pro.jp
863,Daryl,Scrivinor,4/20/2002,dscrivinorny@imageshack.us
864,Aluin,Olyfat,11/18/1903,aolyfatnz@slashdot.org
865,Rozanne,Stephens,4/28/1983,rstephenso0@amazon.de
866,Keenan,Lloyd-Williams,4/11/1901,klloydwilliamso1@cdbaby.com
867,Latrena,Olijve,3/1/1953,lolijveo2@canalblog.com
868,Odessa,Burdell,4/14/1916,oburdello3@bbc.co.uk
869,Sonnie,Sherwin,4/1/1991,ssherwino4@goodreads.com
870,Karlee,Lowth,5/7/2013,klowtho5@microsoft.com
871,Annabell,Jobson,11/21/1969,ajobsono6@huffingtonpost.com
872,Jobi,Rickersey,2/27/1933,jrickerseyo7@amazon.com
873,Bern,Sancias,6/18/1913,bsanciaso8@mediafire.com
874,Thorvald,Puddephatt,10/8/1961,tpuddephatto9@telegraph.co.uk
875,Isidro,Talkington,4/13/2018,italkingtonoa@bloglovin.com
876,Rem,Blick,10/19/1998,rblickob@furl.net
877,Mary,Manske,11/9/1928,mmanskeoc@soundcloud.com
878,Chane,Pechold,7/28/1966,cpecholdod@slate.com
879,Burnaby,Royston,11/28/1970,broystonoe@cisco.com
880,Vincenz,Hundell,11/29/2006,vhundellof@blinklist.com
881,Emmalynne,Disbury,5/20/1958,edisburyog@cafepress.com
882,Jesus,China,3/29/1932,jchinaoh@stumbleupon.com
883,Audrey,Kleinsinger,12/20/1992,akleinsingeroi@123-reg.co.uk
884,Gratiana,Daysh,12/10/1953,gdayshoj@i2i.jp
885,Wylma,Montes,6/11/1954,wmontesok@blogspot.com
886,Flory,Monck,3/2/1991,fmonckol@printfriendly.com
887,Bennie,Skea,8/19/1925,bskeaom@toplist.cz
888,Edmund,Penhalewick,6/13/2010,epenhalewickon@desdev.cn
889,Merralee,Colledge,6/29/1950,mcolledgeoo@networksolutions.com
890,Erv,Sowle,12/7/1928,esowleop@gov.uk
891,Renault,Giacopelo,1/1/1932,rgiacopelooq@wikia.com
892,Ephrayim,McKinna,2/22/1978,emckinnaor@rambler.ru
893,Siegfried,Gingel,1/30/1917,sgingelos@prweb.com
894,Candida,Penreth,5/6/1914,cpenrethot@wunderground.com
895,Cort,Heindrich,8/30/1925,cheindrichou@whitehouse.gov
896,Richy,Bidwell,7/23/1956,rbidwellov@4shared.com
897,Gilburt,Elliott,2/18/1940,gelliottow@youtube.com
898,Flem,Sergent,2/28/1962,fsergentox@eepurl.com
899,Emma,Venditto,10/11/1916,evendittooy@apple.com
900,Gussi,Renbold,2/9/1921,grenboldoz@elpais.com
901,Geoffry,Dumigan,3/9/1923,gdumiganp0@addtoany.com
902,Chris,Kingcote,6/2/1963,ckingcotep1@mayoclinic.com
903,Bondon,Hillatt,2/28/1994,bhillattp2@squidoo.com
904,Dian,O'Cassidy,11/26/1999,docassidyp3@diigo.com
905,Remus,Edler,4/7/1916,redlerp4@google.nl
906,Gabrielle,Showt,12/20/2013,gshowtp5@aboutads.info
907,Augustin,Bomfield,3/17/2000,abomfieldp6@posterous.com
908,Lil,Reah,8/22/2006,lreahp7@pagesperso-orange.fr
909,Norbie,Giraldez,2/16/1970,ngiraldezp8@bandcamp.com
910,Lucinda,FitzGeorge,2/15/1907,lfitzgeorgep9@pen.io
911,Moishe,Ridolfo,4/4/1934,mridolfopa@discuz.net
912,Kerwinn,Garlant,4/11/1969,kgarlantpb@last.fm
913,Kassie,Malley,8/8/1901,kmalleypc@princeton.edu
914,Glen,Conrad,8/25/1982,gconradpd@last.fm
915,Lynn,Eseler,5/2/1930,leselerpe@independent.co.uk
916,Jami,MacGoun,1/6/1906,jmacgounpf@indiatimes.com
917,Bethany,O'Cahey,11/13/1962,bocaheypg@noaa.gov
918,Marcelline,Battison,6/16/1928,mbattisonph@paginegialle.it
919,Lynett,Philipsohn,11/13/1930,lphilipsohnpi@istockphoto.com
920,Milicent,Burhill,1/8/1908,mburhillpj@imdb.com
921,Seana,Ferraraccio,8/17/1912,sferraracciopk@lulu.com
922,Gino,Malafe,5/26/1925,gmalafepl@google.fr
923,Veronike,Simkiss,4/25/1979,vsimkisspm@msu.edu
924,Lynn,Rump,6/21/1996,lrumppn@ed.gov
925,Dyann,Gillbard,7/23/2007,dgillbardpo@facebook.com
926,Atalanta,Japp,2/4/1906,ajapppp@posterous.com
927,Jesus,Dungay,9/20/1946,jdungaypq@histats.com
928,Fransisco,Dickon,10/23/1995,fdickonpr@gizmodo.com
929,Murray,Verden,7/31/1982,mverdenps@godaddy.com
930,Nolie,Carbett,7/10/1985,ncarbettpt@1und1.de
931,Ignaz,Elijah,9/12/1925,ielijahpu@51.la
932,Dallon,Dugan,7/2/1968,dduganpv@de.vu
933,Frazer,Mc Carrick,2/27/1992,fmccarrickpw@state.tx.us
934,Di,Chitty,6/3/1915,dchittypx@redcross.org
935,Oates,Walburn,1/27/1954,owalburnpy@theatlantic.com
936,Parsifal,Harmar,1/17/2014,pharmarpz@paginegialle.it
937,Star,Cayley,7/4/2004,scayleyq0@stanford.edu
938,Jason,Elie,7/16/1942,jelieq1@123-reg.co.uk
939,Arv,McCuis,12/15/2021,amccuisq2@upenn.edu
940,Perren,Gowdridge,9/3/1993,pgowdridgeq3@google.com.br
941,Eldon,Kilgrove,11/21/2000,ekilgroveq4@over-blog.com
942,Drucie,Smout,8/28/1926,dsmoutq5@marriott.com
943,Bing,Scottesmoor,10/15/1901,bscottesmoorq6@cafepress.com
944,Juliann,Wellbelove,11/15/1991,jwellbeloveq7@indiatimes.com
945,Darleen,McGavin,8/1/1930,dmcgavinq8@oaic.gov.au
946,Dieter,O'Sheeryne,4/18/1941,dosheeryneq9@blog.com
947,Marje,Dranfield,6/3/2025,mdranfieldqa@purevolume.com
948,Barn,Biskupski,10/15/1940,bbiskupskiqb@google.ca
949,Chicky,Huyton,1/19/1957,chuytonqc@sciencedaily.com
950,Earle,Denis,9/22/1934,edenisqd@tuttocitta.it
951,Damaris,Dielhenn,7/22/1955,ddielhennqe@vistaprint.com
952,Dedra,Ion,7/3/1988,dionqf@vistaprint.com
953,Pauli,Bispham,4/1/1936,pbisphamqg@com.com
954,Blanch,Paxman,9/29/1950,bpaxmanqh@opera.com
955,Farica,Sign,10/30/1909,fsignqi@ask.com
956,Marchall,Thrustle,1/27/1973,mthrustleqj@blogs.com
957,Sherill,Sackey,4/23/1944,ssackeyqk@skyrock.com
958,Allix,Gothrup,10/27/1972,agothrupql@bloglines.com
959,Thaxter,Allsup,11/16/1922,tallsupqm@smugmug.com
960,Roderigo,Deme,3/22/1901,rdemeqn@ft.com
961,Freddie,Barneville,3/3/2010,fbarnevilleqo@dedecms.com
962,Saunderson,Millmore,3/13/2022,smillmoreqp@buzzfeed.com
963,Garreth,Beeres,7/5/1999,gbeeresqq@e-recht24.de
964,Liv,Battrick,4/13/1902,lbattrickqr@umn.edu
965,Orly,Dixon,10/23/1961,odixonqs@nsw.gov.au
966,Giulia,Vanyukov,6/7/1939,gvanyukovqt@latimes.com
967,Judd,Aitchinson,3/13/1970,jaitchinsonqu@buzzfeed.com
968,Jolynn,Wardingly,3/13/1938,jwardinglyqv@prnewswire.com
969,Agustin,Gopsill,4/2/2023,agopsillqw@amazon.co.jp
970,Buddy,Coope,6/23/1971,bcoopeqx@omniture.com
971,Daren,Blackaller,4/12/1914,dblackallerqy@nhs.uk
972,Octavia,Cawdery,3/24/2002,ocawderyqz@over-blog.com
973,Shay,Pallis,3/19/1936,spallisr0@blogspot.com
974,Auroora,Barrell,2/4/1991,abarrellr1@cmu.edu
975,Ingeberg,Bunn,9/14/2007,ibunnr2@liveinternet.ru
976,Deidre,Medgwick,2/26/2008,dmedgwickr3@cnbc.com
977,Donn,Michieli,6/24/1978,dmichielir4@amazon.de
978,Wang,Pressman,5/29/1933,wpressmanr5@people.com.cn
979,Junie,Apark,5/6/1901,japarkr6@archive.org
980,Jaimie,McGiffin,12/30/1967,jmcgiffinr7@thetimes.co.uk
981,Ingram,Minty,9/15/1903,imintyr8@microsoft.com
982,Rozanne,Edmonds,11/5/1998,redmondsr9@webnode.com
983,Buddy,Newband,3/26/1987,bnewbandra@aol.com
984,Ronny,Towl,5/21/1967,rtowlrb@printfriendly.com
985,King,Philippet,12/18/1977,kphilippetrc@dailymotion.com
986,Faith,Adami,2/25/1908,fadamird@elpais.com
987,Galven,Snow,12/6/1947,gsnowre@mlb.com
988,Emanuele,Quail,4/6/1929,equailrf@google.co.jp
989,Nicky,McGillivrie,11/2/1955,nmcgillivrierg@sourceforge.net
990,Allister,Draye,5/27/2025,adrayerh@yale.edu
991,Tobe,McBratney,7/8/1906,tmcbratneyri@icio.us
992,Leelah,Pandya,4/24/1913,lpandyarj@wiley.com
993,Maurise,Lyptrit,6/10/1927,mlyptritrk@geocities.com
994,Madonna,Penchen,8/15/1987,mpenchenrl@oracle.com
995,Angie,Moynham,7/6/1941,amoynhamrm@hao123.com
996,Lesly,Mapston,9/14/1934,lmapstonrn@weather.com
997,Beverly,Braghini,9/16/1982,bbraghiniro@epa.gov
998,Artur,Braunroth,7/16/2010,abraunrothrp@oaic.gov.au
999,Mattie,De Giorgi,10/11/1959,mdegiorgirq@ucoz.ru
1000,Kalie,Oglesbee,6/3/1949,koglesbeerr@mayoclinic.com
